{"Train Loss":3.368736743927002,"_timestamp":1.7663967487863755e+09,"_wandb":{"runtime":1021},"_runtime":1021,"_step":338}