{"_timestamp":1.7663967467957766e+09,"_step":320,"_wandb":{"runtime":975},"_runtime":975,"Train Loss":1.3161338567733765}