{"_wandb":{"runtime":176471},"_runtime":176471,"Train Loss":3.4530625343322754,"_timestamp":1.7665810041595018e+09,"_step":57011}