{"Train Loss":1.4052040576934814,"_timestamp":1.7667299483349664e+09,"_wandb":{"runtime":78552},"_runtime":78552,"_step":31262}