{"_timestamp":1.76639674302741e+09,"_step":323,"Train Loss":6.618743896484375,"_wandb":{"runtime":1232},"_runtime":1232}