{"_step":2174,"Train Loss":1.219491958618164,"_wandb":{"runtime":6920},"_runtime":6920,"_timestamp":1.7664041809793165e+09}