{"_timestamp":1.7664492959354992e+09,"_step":14999,"_wandb":{"runtime":44753},"_runtime":44753,"Train Loss":1.0243504047393799}