{"_wandb":{"runtime":7040},"_runtime":7040,"Train Loss":5.676139831542969,"_timestamp":1.7664041776644232e+09,"_step":1546}