{"_timestamp":1.7663951612160695e+09,"_step":42,"Train Loss":7.112955093383789,"_wandb":{"runtime":138},"_runtime":138}