{"_runtime":49253,"_timestamp":1.7664539337442532e+09,"_step":14999,"Train Loss":0.37222933769226074,"_wandb":{"runtime":49253}}