{"_timestamp":1.7664041810405974e+09,"_wandb":{"runtime":6925},"_runtime":6925,"_step":2353,"Train Loss":1.017722725868225}